{
    "version": "2.2",
    "title": "",
    "root": "__MAIN__",
    "elements": {
        "QIT6": ["Quadrupole", {"length": 0.122, "k1": -1.0028347}],
        "Q1D": ["Quadrupole", {"length": 0.25, "k1": 2.44019116}],
        "Q2D": ["Quadrupole", {"length": 0.2, "k1": -1.85304022}],
        "Q3P1T1": ["Quadrupole", {"length": 0.25, "k1": -2.52510046}],
        "Q3P1T6": ["Quadrupole", {"length": 0.25, "k1": -2.67983929}],
        "Q3P1T8": ["Quadrupole", {"length": 0.25, "k1": -2.48284265}],
        "Q3P2T1": ["Quadrupole", {"length": 0.25, "k1": -2.45245237}],
        "Q3P2T6": ["Quadrupole", {"length": 0.25, "k1": -2.31361716}],
        "Q3P2T8": ["Quadrupole", {"length": 0.25, "k1": -2.50497043}],
        "Q3D1": ["Quadrupole", {"length": 0.25, "k1": -2.02221234}],
        "Q3D2": ["Quadrupole", {"length": 0.25, "k1": -2.12371663}],
        "Q3D3": ["Quadrupole", {"length": 0.25, "k1": -2.12823271}],
        "Q3D4": ["Quadrupole", {"length": 0.25, "k1": -2.13257653}],
        "Q3D5": ["Quadrupole", {"length": 0.25, "k1": -2.11840258}],
        "Q3D6": ["Quadrupole", {"length": 0.25, "k1": -2.1127176}],
        "Q3D7": ["Quadrupole", {"length": 0.25, "k1": -2.11975587}],
        "Q3D8": ["Quadrupole", {"length": 0.25, "k1": -2.1367401}],
        "Q3T2": ["Quadrupole", {"length": 0.25, "k1": -2.45539694}],
        "Q3T3": ["Quadrupole", {"length": 0.25, "k1": -2.42785645}],
        "Q3T4": ["Quadrupole", {"length": 0.25, "k1": -2.44064588}],
        "Q3T5": ["Quadrupole", {"length": 0.25, "k1": -2.44989418}],
        "Q3T7": ["Quadrupole", {"length": 0.25, "k1": -2.43063672}],
        "Q4P1T1": ["Quadrupole", {"length": 0.5, "k1": 2.62509869}],
        "Q4P1T6": ["Quadrupole", {"length": 0.5, "k1": 2.29176853}],
        "Q4P1T8": ["Quadrupole", {"length": 0.5, "k1": 2.56111916}],
        "Q4P2T1": ["Quadrupole", {"length": 0.5, "k1": 2.5770906}],
        "Q4P2T6": ["Quadrupole", {"length": 0.5, "k1": 2.58193607}],
        "Q4P2T8": ["Quadrupole", {"length": 0.5, "k1": 2.64686411}],
        "Q4D1": ["Quadrupole", {"length": 0.5, "k1": 1.40087205}],
        "Q4D2": ["Quadrupole", {"length": 0.5, "k1": 1.47730911}],
        "Q4D3": ["Quadrupole", {"length": 0.5, "k1": 1.48842682}],
        "Q4D4": ["Quadrupole", {"length": 0.5, "k1": 1.49321916}],
        "Q4D5": ["Quadrupole", {"length": 0.5, "k1": 1.47571062}],
        "Q4D6": ["Quadrupole", {"length": 0.5, "k1": 1.48456446}],
        "Q4D7": ["Quadrupole", {"length": 0.5, "k1": 1.47713507}],
        "Q4D8": ["Quadrupole", {"length": 0.5, "k1": 1.49358575}],
        "Q4T2": ["Quadrupole", {"length": 0.5, "k1": 2.5791705}],
        "Q4T3": ["Quadrupole", {"length": 0.5, "k1": 2.57756072}],
        "Q4T4": ["Quadrupole", {"length": 0.5, "k1": 2.58190275}],
        "Q4T5": ["Quadrupole", {"length": 0.5, "k1": 2.57964672}],
        "Q4T7": ["Quadrupole", {"length": 0.5, "k1": 2.58021053}],
        "Q5P1T1": ["Quadrupole", {"length": 0.2, "k1": -2.46794766}],
        "Q5P1T6": ["Quadrupole", {"length": 0.2, "k1": -1.23186908}],
        "Q5P1T8": ["Quadrupole", {"length": 0.2, "k1": -2.47546291}],
        "Q5P2T1": ["Quadrupole", {"length": 0.2, "k1": -2.56390059}],
        "Q5P2T6": ["Quadrupole", {"length": 0.2, "k1": -2.60520531}],
        "Q5P2T8": ["Quadrupole", {"length": 0.2, "k1": -2.54632195}],
        "Q5T2": ["Quadrupole", {"length": 0.2, "k1": -2.58817546}],
        "Q5T3": ["Quadrupole", {"length": 0.2, "k1": -2.62728281}],
        "Q5T4": ["Quadrupole", {"length": 0.2, "k1": -2.60032396}],
        "Q5T5": ["Quadrupole", {"length": 0.2, "k1": -2.59154446}],
        "Q5T7": ["Quadrupole", {"length": 0.2, "k1": -2.61259001}],
        "S1": ["Sextupole", {"length": 0.105, "k2": 53.711598071533}],
        "S2": ["Sextupole", {"length": 0.16, "k2": -44.968873069}],
        "S3P1T6": ["Sextupole", {"length": 0.16, "k2": -43.8795}],
        "S3P2T6": ["Sextupole", {"length": 0.16, "k2": -43.8795}],
        "S3D1": ["Sextupole", {"length": 0.16, "k2": -39.96}],
        "S3D": ["Sextupole", {"length": 0.16, "k2": -42.735}],
        "S3T": ["Sextupole", {"length": 0.16, "k2": -43.8795}],
        "S4P1T6": ["Sextupole", {"length": 0.16, "k2": 41.25}],
        "S4P2T6": ["Sextupole", {"length": 0.16, "k2": 41.25}],
        "S4D": ["Sextupole", {"length": 0.16, "k2": 38.2185}],
        "S4D1": ["Sextupole", {"length": 0.16, "k2": 27.0435}],
        "S4T": ["Sextupole", {"length": 0.16, "k2": 55.0}],
        "DQ1": ["Drift", {"length": 0.288}],
        "DS1": ["Drift", {"length": 0.16}],
        "DQ2": ["Drift", {"length": 0.42}],
        "DS2": ["Drift", {"length": 0.307}],
        "DB": ["Drift", {"length": 0.42}],
        "DS3": ["Drift", {"length": 0.153}],
        "DQ3": ["Drift", {"length": 0.153}],
        "DL": ["Drift", {"length": 2.806}],
        "DK": ["Drift", {"length": 2.453}],
        "B": ["Dipole", {"length": 0.855, "angle": 0.196349540849362, "e1": 0.09817477042, "e2": 0.09817477042}],
        "B1ID": ["Dipole", {"length": 0.28, "angle": 0.0578788879, "e1": 0, "e2": 0.0578788879}],
        "B2ID": ["Dipole", {"length": 0.56, "angle": -0.1117010721, "e1": -0.0578788879, "e2": -0.0538221842}],
        "B3ID": ["Dipole", {"length": 0.28, "angle": 0.0538221842, "e1": 0.0538221842, "e2": 0}],
        "DS4D6": ["Drift", {"length": 0.164}],
        "DB1ID": ["Drift", {"length": 2.02014}],
        "DB2ID": ["Drift", {"length": 2.21625}],
        "DB3ID": ["Drift", {"length": 0.1}],
        "DQ5T6": ["Drift", {"length": 2.2976}],
        "DQIT6": ["Drift", {"length": 2.3644}]
    },
    "lattices": {
        "ACHRH": ["S1", "DS1", "Q1D", "DQ1", "S2", "DS2", "Q2D", "DQ2"],
        "ACHLH": ["DQ2", "Q2D", "DS2", "S2", "DQ1", "Q1D", "DS1", "S1"],
        "D1LH": ["DB", "Q3D1", "DQ3", "S3D1", "DS3", "Q4D1", "DQ3", "S4D1", "DL"],
        "D1RH": ["DL", "S4D1", "DQ3", "Q4D1", "DS3", "S3D1", "DQ3", "Q3D1", "DB"],
        "T1LH": ["DB", "Q3P1T1", "DQ3", "S3T", "DS3", "Q4P1T1", "DQ3", "S4T", "DQ3", "Q5P1T1", "DK"],
        "T1RH": ["DK", "Q5P2T1", "DQ3", "S4T", "DQ3", "Q4P2T1", "DS3", "S3T", "DQ3", "Q3P2T1", "DB"],
        "D2LH": ["DB", "Q3D2", "DQ3", "S3D", "DS3", "Q4D2", "DQ3", "S4D", "DL"],
        "D2RH": ["DL", "S4D", "DQ3", "Q4D2", "DS3", "S3D", "DQ3", "Q3D2", "DB"],
        "T2LH": ["DB", "Q3T2", "DQ3", "S3T", "DS3", "Q4T2", "DQ3", "S4T", "DQ3", "Q5T2", "DK"],
        "T2RH": ["DK", "Q5T2", "DQ3", "S4T", "DQ3", "Q4T2", "DS3", "S3T", "DQ3", "Q3T2", "DB"],
        "D3LH": ["DB", "Q3D3", "DQ3", "S3D", "DS3", "Q4D3", "DQ3", "S4D", "DL"],
        "D3RH": ["DL", "S4D", "DQ3", "Q4D3", "DS3", "S3D", "DQ3", "Q3D3", "DB"],
        "T3LH": ["DB", "Q3T3", "DQ3", "S3T", "DS3", "Q4T3", "DQ3", "S4T", "DQ3", "Q5T3", "DK"],
        "T3RH": ["DK", "Q5T3", "DQ3", "S4T", "DQ3", "Q4T3", "DS3", "S3T", "DQ3", "Q3T3", "DB"],
        "D4LH": ["DB", "Q3D4", "DQ3", "S3D", "DS3", "Q4D4", "DQ3", "S4D", "DL"],
        "D4RH": ["DL", "S4D", "DQ3", "Q4D4", "DS3", "S3D", "DQ3", "Q3D4", "DB"],
        "T4LH": ["DB", "Q3T4", "DQ3", "S3T", "DS3", "Q4T4", "DQ3", "S4T", "DQ3", "Q5T4", "DK"],
        "T4RH": ["DK", "Q5T4", "DQ3", "S4T", "DQ3", "Q4T4", "DS3", "S3T", "DQ3", "Q3T4", "DB"],
        "D5LH": ["DB", "Q3D5", "DQ3", "S3D", "DS3", "Q4D5", "DQ3", "S4D", "DL"],
        "D5RH": ["DL", "S4D", "DQ3", "Q4D5", "DS3", "S3D", "DQ3", "Q3D5", "DB"],
        "T5LH": ["DB", "Q3T5", "DQ3", "S3T", "DS3", "Q4T5", "DQ3", "S4T", "DQ3", "Q5T5", "DK"],
        "T5RH": ["DK", "Q5T5", "DQ3", "S4T", "DQ3", "Q4T5", "DS3", "S3T", "DQ3", "Q3T5", "DB"],
        "D6LH": ["DB", "Q3D6", "DQ3", "S3D", "DS3", "Q4D6", "DQ3", "S4D", "DS4D6", "B1ID", "DB1ID", "B2ID", "DB2ID", "B3ID", "DB3ID"],
        "D6RH": ["S4D", "DQ3", "Q4D6", "DS3", "S3D", "DQ3", "Q3D6", "DB"],
        "T6LH": ["DB", "Q3P1T6", "DQ3", "S3P1T6", "DS3", "Q4P1T6", "DQ3", "S4P1T6", "DQ3", "Q5P1T6", "DQ5T6", "QIT6", "QIT6", "DQIT6"],
        "T6RH": ["Q5P2T6", "DQ3", "S4P2T6", "DQ3", "Q4P2T6", "DS3", "S3P2T6", "DQ3", "Q3P2T6", "DB"],