{
    "version": "2.0",
    "title": "BESSY II Standard User Mode 2019/05/07",
    "elements": {
        "DQ5T6": ["Drift", {"length": 2.2976}],
        "Q3T3": ["Quadrupole", {"length": 0.25, "k1": -2.4309220826107603}],
        "DQIT6": ["Drift", {"length": 2.3644}],
        "Q3T4": ["Quadrupole", {"length": 0.25, "k1": -2.437473034612692}],
        "Q3T5": ["Quadrupole", {"length": 0.25, "k1": -2.4500689455522133}],
        "Q3T7": ["Quadrupole", {"length": 0.25, "k1": -2.433306930078419}],
        "QIT6": ["Quadrupole", {"length": 0.122, "k1": -1.0791894671160693}],
        "Q1D": ["Quadrupole", {"length": 0.25, "k1": 2.4412502258740236}],
        "Q4P1T1": ["Quadrupole", {"length": 0.5, "k1": 2.6277815072032142}],
        "Q2D": ["Quadrupole", {"length": 0.2, "k1": -1.854171854312531}],
        "Q4P1T6": ["Quadrupole", {"length": 0.5, "k1": 2.2556063350365068}],
        "Q3P1T1": ["Quadrupole", {"length": 0.25, "k1": -2.5153933330187686}],
        "Q4P1T8": ["Quadrupole", {"length": 0.5, "k1": 2.5634926931601414}],
        "Q4P2T1": ["Quadrupole", {"length": 0.5, "k1": 2.5640930715857437}],
        "Q3P1T6": ["Quadrupole", {"length": 0.25, "k1": -2.68837126251975}],
        "Q4P2T6": ["Quadrupole", {"length": 0.5, "k1": 2.562851714274353}],
        "Q3P1T8": ["Quadrupole", {"length": 0.25, "k1": -2.474878288551601}],
        "Q3P2T1": ["Quadrupole", {"length": 0.25, "k1": -2.4624031452309323}],
        "Q4P2T8": ["Quadrupole", {"length": 0.5, "k1": 2.64327524092027}],
        "Q4D1": ["Quadrupole", {"length": 0.5, "k1": 1.4014878626430145}],
        "Q3P2T6": ["Quadrupole", {"length": 0.25, "k1": -2.3291674197841425}],
        "Q4D2": ["Quadrupole", {"length": 0.5, "k1": 1.5320627540563128}],
        "Q3P2T8": ["Quadrupole", {"length": 0.25, "k1": -2.511999345290208}],
        "Q3D1": ["Quadrupole", {"length": 0.25, "k1": -2.0209870098432225}],
        "Q4D3": ["Quadrupole", {"length": 0.5, "k1": 1.579676212283061}],
        "Q3D2": ["Quadrupole", {"length": 0.25, "k1": -2.195027714854704}],
        "Q4D4": ["Quadrupole", {"length": 0.5, "k1": 1.4895705433137862}],
        "Q3D3": ["Quadrupole", {"length": 0.25, "k1": -2.1881679651178816}],
        "Q4D5": ["Quadrupole", {"length": 0.5, "k1": 1.4806265832327752}],
        "Q3D4": ["Quadrupole", {"length": 0.25, "k1": -2.1301994845684886}],
        "Q4D6": ["Quadrupole", {"length": 0.5, "k1": 1.4819524232289745}],
        "Q3D5": ["Quadrupole", {"length": 0.25, "k1": -2.124813693856704}],
        "Q4D7": ["Quadrupole", {"length": 0.5, "k1": 1.4733989444833122}],
        "Q3D6": ["Quadrupole", {"length": 0.25, "k1": -2.109199185226485}],
        "Q4D8": ["Quadrupole", {"length": 0.5, "k1": 1.4893864135583927}],
        "Q4T2": ["Quadrupole", {"length": 0.5, "k1": 2.246353048313962}],
        "Q3D7": ["Quadrupole", {"length": 0.25, "k1": -2.114934487275352}],
        "Q4T3": ["Quadrupole", {"length": 0.5, "k1": 2.579508567294197}],
        "Q3D8": ["Quadrupole", {"length": 0.25, "k1": -2.132163764867927}],
        "Q4T4": ["Quadrupole", {"length": 0.5, "k1": 2.580313888273066}],
        "Q3T2": ["Quadrupole", {"length": 0.25, "k1": -2.163286050016433}],
        "Q4T5": ["Quadrupole", {"length": 0.5, "k1": 2.5752073333756766}],
        "S4P2T6": ["Sextupole", {"length": 0.16, "k2": 41.25}],
        "S4D": ["Sextupole", {"length": 0.16, "k2": 38.2185}],
        "Q4T7": ["Quadrupole", {"length": 0.5, "k1": 2.582620724222026}],
        "S4D1": ["Sextupole", {"length": 0.16, "k2": 27.0435}],
        "Q5P1T1": ["Quadrupole", {"length": 0.2, "k1": -2.4958115098261615}],
        "S4T": ["Sextupole", {"length": 0.16, "k2": 55.0}],
        "Q5P1T6": ["Quadrupole", {"length": 0.2, "k1": -1.0521806901266906}],
        "DQ1": ["Drift", {"length": 0.288}],
        "Q5P1T8": ["Quadrupole", {"length": 0.2, "k1": -2.4966129217201325}],
        "DS1": ["Drift", {"length": 0.16}],
        "Q5P2T1": ["Quadrupole", {"length": 0.2, "k1": -2.518717434035317}],
        "DQ2": ["Drift", {"length": 0.42}],
        "Q5P2T6": ["Quadrupole", {"length": 0.2, "k1": -2.4805601712770464}],
        "DS2": ["Drift", {"length": 0.307}],
        "Q5P2T8": ["Quadrupole", {"length": 0.2, "k1": -2.5200563869225228}],
        "DB": ["Drift", {"length": 0.42}],
        "Q5T2": ["Quadrupole", {"length": 0.2, "k1": -2.8657495734894223}],
        "DS3": ["Drift", {"length": 0.153}],
        "Q5T3": ["Quadrupole", {"length": 0.2, "k1": -2.625348273358675}],
        "DQ3": ["Drift", {"length": 0.153}],
        "Q5T4": ["Quadrupole", {"length": 0.2, "k1": -2.6022536572954245}],
        "DL": ["Drift", {"length": 2.806}],
        "Q5T5": ["Quadrupole", {"length": 0.2, "k1": -2.581049121531802}],
        "DK": ["Drift", {"length": 2.453}],
        "Q5T7": ["Quadrupole", {"length": 0.2, "k1": -2.610663634349188}],
        "B": ["Dipole", {"length": 0.855, "angle": 0.196349540849362, "e1": 0.09817477042, "e2": 0.09817477042}],
        "S1": ["Sextupole", {"length": 0.105, "k2": 53.711598071533}],
        "B1ID": ["Dipole", {"length": 0.28, "angle": 0.0578788879, "e1": 0, "e2": 0.0578788879}],
        "S2": ["Sextupole", {"length": 0.16, "k2": -44.968873069}],
        "B2ID": ["Dipole", {"length": 0.56, "angle": -0.1117010721, "e1": -0.0578788879, "e2": -0.0538221842}],
        "S3P1T6": ["Sextupole", {"length": 0.16, "k2": -43.8795}],
        "B3ID": ["Dipole", {"length": 0.28, "angle": 0.0538221842, "e1": 0.0538221842, "e2": 0}],
        "S3P2T6": ["Sextupole", {"length": 0.16, "k2": -43.8795}],
        "DS4D6": ["Drift", {"length": 0.164}],
        "S3D1": ["Sextupole", {"length": 0.16, "k2": -39.96}],
        "DB1ID": ["Drift", {"length": 2.02014}],
        "S3D": ["Sextupole", {"length": 0.16, "k2": -42.735}],
        "DB2ID": ["Drift", {"length": 2.21625}],
        "S3T": ["Sextupole", {"length": 0.16, "k2": -43.8795}],
        "DB3ID": ["Drift", {"length": 0.1}],
        "S4P1T6": ["Sextupole", {"length": 0.16, "k2": 41.25}]
    },
    "lattices": {
        "T6": ["ACHRH", "B", "T6LH", "T6RH", "B", "ACHLH"],
        "D7RH": ["DL", "S4D", "DQ3", "Q4D7", "DS3", "S3D", "DQ3", "Q3D7", "DB"],
        "D2RH": ["DL", "S4D", "DQ3", "Q4D2", "DS3", "S3D", "DQ3", "Q3D2", "DB"],
        "T2": ["ACHRH", "B", "T2LH", "T2RH", "B", "ACHLH"],
        "D5LH": ["DB", "Q3D5", "DQ3", "S3D", "DS3", "Q4D5", "DQ3", "S4D", "DL"],
        "T7LH": ["DB", "Q3T7", "DQ3", "S3T", "DS3", "Q4T7", "DQ3", "S4T", "DQ3", "Q5T7", "DK"],
        "T2LH": ["DB", "Q3T2", "DQ3", "S3T", "DS3", "Q4T2", "DQ3", "S4T", "DQ3", "Q5T2", "DK"],
        "D3": ["ACHRH", "B", "D3LH", "D3RH", "B", "ACHLH"],
        "D7": ["ACHRH", "B", "D7LH", "D7RH", "B", "ACHLH"],
        "D5RH": ["DL", "S4D", "DQ3", "Q4D5", "DS3", "S3D", "DQ3", "Q3D5", "DB"],
        "T7RH": ["DK", "Q5T7", "DQ3", "S4T", "DQ3", "Q4T7", "DS3", "S3T", "DQ3", "Q3T7", "DB"],
        "T2RH": ["DK", "Q5T2", "DQ3", "S4T", "DQ3", "Q4T2", "DS3", "S3T", "DQ3", "Q3T2", "DB"],
        "ACHRH": ["S1", "DS1", "Q1D", "DQ1", "S2", "DS2", "Q2D", "DQ2"],
        "T3": ["ACHRH", "B", "T3LH", "T3RH", "B", "ACHLH"],
        "T7": ["ACHRH", "B", "T7LH", "T7RH", "B", "ACHLH"],
        "T5LH": ["DB", "Q3T5", "DQ3", "S3T", "DS3", "Q4T5", "DQ3", "S4T", "DQ3", "Q5T5", "DK"],
        "D8LH": ["DB", "Q3D8", "DQ3", "S3D", "DS3", "Q4D8", "DQ3", "S4D", "DL"],
        "D3LH": ["DB", "Q3D3", "DQ3", "S3D", "DS3", "Q4D3", "DQ3", "S4D", "DL"],
        "D4": ["ACHRH", "B", "D4LH", "D4RH", "B", "ACHLH"],
        "T5RH": ["DK", "Q5T5", "DQ3", "S4T", "DQ3", "Q4T5", "DS3", "S3T", "DQ3", "Q3T5", "DB"],
        "D8": ["ACHRH", "B", "D8LH", "D8RH", "B", "ACHLH"],
        "D8RH": ["DL", "S4D", "DQ3", "Q4D8", "DS3", "S3D", "DQ3", "Q3D8", "DB"],
        "ACHLH": ["DQ2", "Q2D", "DS2", "S2", "DQ1", "Q1D", "DS1", "S1"],
        "D3RH": ["DL", "S4D", "DQ3", "Q4D3", "DS3", "S3D", "DQ3", "Q3D3", "DB"],
        "D6LH": ["DB", "Q3D6", "DQ3", "S3D", "DS3", "Q4D6", "DQ3", "S4D", "DS4D6", "B1ID", "DB1ID", "B2ID", "DB2ID", "B3ID", "DB3ID"],