{
    "elements": {
        "QIT6": ["Quadrupole", {"length": 0.122, "k1": -1.107844500560806}],
        "Q1D": ["Quadrupole", {"length": 0.25, "k1": 2.4433028478569367}],
        "Q2D": ["Quadrupole", {"length": 0.2, "k1": -1.8702466151141048}],
        "Q3P1T1": ["Quadrupole", {"length": 0.25, "k1": -2.5854203949705408}],
        "Q3P1T6": ["Quadrupole", {"length": 0.25, "k1": -2.6858620427941786}],
        "Q3P1T8": ["Quadrupole", {"length": 0.25, "k1": -2.444203524651829}],
        "Q3P2T1": ["Quadrupole", {"length": 0.25, "k1": -2.474069481992813}],
        "Q3P2T6": ["Quadrupole", {"length": 0.25, "k1": -2.3294187649198626}],
        "Q3P2T8": ["Quadrupole", {"length": 0.25, "k1": -2.5333917822432688}],
        "Q3D1": ["Quadrupole", {"length": 0.25, "k1": -2.024100849814546}],
        "Q3D2": ["Quadrupole", {"length": 0.25, "k1": -1.9562145534606648}],
        "Q3D3": ["Quadrupole", {"length": 0.25, "k1": -1.9574995660977608}],
        "Q3D4": ["Quadrupole", {"length": 0.25, "k1": -2.1361838753048326}],
        "Q3D5": ["Quadrupole", {"length": 0.25, "k1": -2.128851062869508}],
        "Q3D6": ["Quadrupole", {"length": 0.25, "k1": -2.113281838057602}],
        "Q3D7": ["Quadrupole", {"length": 0.25, "k1": -2.121953421518896}],
        "Q3D8": ["Quadrupole", {"length": 0.25, "k1": -2.137875324298752}],
        "Q3T2": ["Quadrupole", {"length": 0.25, "k1": -2.5809544472091814}],
        "Q3T3": ["Quadrupole", {"length": 0.25, "k1": -2.493759082897122}],
        "Q3T4": ["Quadrupole", {"length": 0.25, "k1": -2.430674810043313}],
        "Q3T5": ["Quadrupole", {"length": 0.25, "k1": -2.4457885751099657}],
        "Q3T7": ["Quadrupole", {"length": 0.25, "k1": -2.42596125944461}],
        "Q4P1T1": ["Quadrupole", {"length": 0.5, "k1": 2.6293082622547477}],
        "Q4P1T6": ["Quadrupole", {"length": 0.5, "k1": 2.2534680336010733}],
        "Q4P1T8": ["Quadrupole", {"length": 0.5, "k1": 2.5808766874339453}],
        "Q4P2T1": ["Quadrupole", {"length": 0.5, "k1": 2.58366444860123}],
        "Q4P2T6": ["Quadrupole", {"length": 0.5, "k1": 2.555990061100587}],
        "Q4P2T8": ["Quadrupole", {"length": 0.5, "k1": 2.633046840885163}],
        "Q4D1": ["Quadrupole", {"length": 0.5, "k1": 1.4032610965326233}],
        "Q4D2": ["Quadrupole", {"length": 0.5, "k1": 1.4386496543457072}],
        "Q4D3": ["Quadrupole", {"length": 0.5, "k1": 1.4235528225369376}],
        "Q4D4": ["Quadrupole", {"length": 0.5, "k1": 1.491862187436021}],
        "Q4D5": ["Quadrupole", {"length": 0.5, "k1": 1.4820584836989232}],
        "Q4D6": ["Quadrupole", {"length": 0.5, "k1": 1.4838664702820323}],
        "Q4D7": ["Quadrupole", {"length": 0.5, "k1": 1.4785231705375477}],
        "Q4D8": ["Quadrupole", {"length": 0.5, "k1": 1.4923499703760845}],
        "Q4T2": ["Quadrupole", {"length": 0.5, "k1": 2.0675375919463916}],
        "Q4T3": ["Quadrupole", {"length": 0.5, "k1": 2.5828067345155903}],
        "Q4T4": ["Quadrupole", {"length": 0.5, "k1": 2.584685169632472}],
        "Q4T5": ["Quadrupole", {"length": 0.5, "k1": 2.5788343861933303}],
        "Q4T7": ["Quadrupole", {"length": 0.5, "k1": 2.584619025303068}],
        "Q5P1T1": ["Quadrupole", {"length": 0.2, "k1": -2.5214985644321923}],
        "Q5P1T6": ["Quadrupole", {"length": 0.2, "k1": -1.0324725540690993}],
        "Q5P1T8": ["Quadrupole", {"length": 0.2, "k1": -2.5934331501758234}],
        "Q5P2T1": ["Quadrupole", {"length": 0.2, "k1": -2.694133470117432}],
        "Q5P2T6": ["Quadrupole", {"length": 0.2, "k1": -2.448404337521802}],
        "Q5P2T8": ["Quadrupole", {"length": 0.2, "k1": -2.4526908772517273}],
        "Q5T2": ["Quadrupole", {"length": 0.2, "k1": 0.012098059456400708}],
        "Q5T3": ["Quadrupole", {"length": 0.2, "k1": -2.6334554688653222}],
        "Q5T4": ["Quadrupole", {"length": 0.2, "k1": -2.6235788438830134}],
        "Q5T5": ["Quadrupole", {"length": 0.2, "k1": -2.5976718699932317}],
        "Q5T7": ["Quadrupole", {"length": 0.2, "k1": -2.625886703499}],
        "S1": ["Sextupole", {"length": 0.105, "k2": 53.711598071533}],
        "S2": ["Sextupole", {"length": 0.16, "k2": -44.968873069}],
        "S3P1T6": ["Sextupole", {"length": 0.16, "k2": -43.8795}],
        "S3P2T6": ["Sextupole", {"length": 0.16, "k2": -43.8795}],
        "S3D1": ["Sextupole", {"length": 0.16, "k2": -39.96}],
        "S3D": ["Sextupole", {"length": 0.16, "k2": -42.735}],
        "S3T": ["Sextupole", {"length": 0.16, "k2": -43.8795}],
        "S4P1T6": ["Sextupole", {"length": 0.16, "k2": 41.25}],
        "S4P2T6": ["Sextupole", {"length": 0.16, "k2": 41.25}],
        "S4D": ["Sextupole", {"length": 0.16, "k2": 38.2185}],
        "S4D1": ["Sextupole", {"length": 0.16, "k2": 27.0435}],
        "S4T": ["Sextupole", {"length": 0.16, "k2": 55.0}],
        "DQ1": ["Drift", {"length": 0.288}],
        "DS1": ["Drift", {"length": 0.16}],
        "DQ2": ["Drift", {"length": 0.42}],
        "DS2": ["Drift", {"length": 0.307}],
        "DB": ["Drift", {"length": 0.42}],
        "DS3": ["Drift", {"length": 0.153}],
        "DQ3": ["Drift", {"length": 0.153}],
        "DL": ["Drift", {"length": 2.806}],
        "DK": ["Drift", {"length": 2.453}],
        "B": ["Dipole", {"length": 0.855, "angle": 0.196349540849362, "e1": 0.09817477042, "e2": 0.09817477042}],
        "B1ID": ["Dipole", {"length": 0.28, "angle": 0.0578788879, "e1": 0, "e2": 0.0578788879}],
        "B2ID": ["Dipole", {"length": 0.56, "angle": -0.1117010721, "e1": -0.0578788879, "e2": -0.0538221842}],
        "B3ID": ["Dipole", {"length": 0.28, "angle": 0.0538221842, "e1": 0.0538221842, "e2": 0}],
        "DS4D6": ["Drift", {"length": 0.164}],
        "DB1ID": ["Drift", {"length": 2.02014}],
        "DB2ID": ["Drift", {"length": 2.21625}],
        "DB3ID": ["Drift", {"length": 0.1}],
        "DQ5T6": ["Drift", {"length": 2.2976}],
        "DQIT6": ["Drift", {"length": 2.3644}]
    },
    "version": "2.0",
    "title": "BESSY II Q5T2off V3betaymin 2019/05/07",
    "lattices": {
        "ACHRH": ["S1", "DS1", "Q1D", "DQ1", "S2", "DS2", "Q2D", "DQ2"],
        "ACHLH": ["DQ2", "Q2D", "DS2", "S2", "DQ1", "Q1D", "DS1", "S1"],
        "D1LH": ["DB", "Q3D1", "DQ3", "S3D1", "DS3", "Q4D1", "DQ3", "S4D1", "DL"],
        "D1RH": ["DL", "S4D1", "DQ3", "Q4D1", "DS3", "S3D1", "DQ3", "Q3D1", "DB"],
        "T1LH": ["DB", "Q3P1T1", "DQ3", "S3T", "DS3", "Q4P1T1", "DQ3", "S4T", "DQ3", "Q5P1T1", "DK"],
        "T1RH": ["DK", "Q5P2T1", "DQ3", "S4T", "DQ3", "Q4P2T1", "DS3", "S3T", "DQ3", "Q3P2T1", "DB"],
        "D2LH": ["DB", "Q3D2", "DQ3", "S3D", "DS3", "Q4D2", "DQ3", "S4D", "DL"],
        "D2RH": ["DL", "S4D", "DQ3", "Q4D2", "DS3", "S3D", "DQ3", "Q3D2", "DB"],
        "T2LH": ["DB", "Q3T2", "DQ3", "S3T", "DS3", "Q4T2", "DQ3", "S4T", "DQ3", "Q5T2", "DK"],
        "T2RH": ["DK", "Q5T2", "DQ3", "S4T", "DQ3", "Q4T2", "DS3", "S3T", "DQ3", "Q3T2", "DB"],
        "D3LH": ["DB", "Q3D3", "DQ3", "S3D", "DS3", "Q4D3", "DQ3", "S4D", "DL"],
        "D3RH": ["DL", "S4D", "DQ3", "Q4D3", "DS3", "S3D", "DQ3", "Q3D3", "DB"],
        "T3LH": ["DB", "Q3T3", "DQ3", "S3T", "DS3", "Q4T3", "DQ3", "S4T", "DQ3", "Q5T3", "DK"],
        "T3RH": ["DK", "Q5T3", "DQ3", "S4T", "DQ3", "Q4T3", "DS3", "S3T", "DQ3", "Q3T3", "DB"],
        "D4LH": ["DB", "Q3D4", "DQ3", "S3D", "DS3", "Q4D4", "DQ3", "S4D", "DL"],
        "D4RH": ["DL", "S4D", "DQ3", "Q4D4", "DS3", "S3D", "DQ3", "Q3D4", "DB"],
        "T4LH": ["DB", "Q3T4", "DQ3", "S3T", "DS3", "Q4T4", "DQ3", "S4T", "DQ3", "Q5T4", "DK"],
        "T4RH": ["DK", "Q5T4", "DQ3", "S4T", "DQ3", "Q4T4", "DS3", "S3T", "DQ3", "Q3T4", "DB"],
        "D5LH": ["DB", "Q3D5", "DQ3", "S3D", "DS3", "Q4D5", "DQ3", "S4D", "DL"],
        "D5RH": ["DL", "S4D", "DQ3", "Q4D5", "DS3", "S3D", "DQ3", "Q3D5", "DB"],
        "T5LH": ["DB", "Q3T5", "DQ3", "S3T", "DS3", "Q4T5", "DQ3", "S4T", "DQ3", "Q5T5", "DK"],
        "T5RH": ["DK", "Q5T5", "DQ3", "S4T", "DQ3", "Q4T5", "DS3", "S3T", "DQ3", "Q3T5", "DB"],