{
    "version": "2.2",
    "title": "",
    "root": "__MAIN__",
    "elements": {
        "QIT6": ["Quadrupole", {"length": 0.122, "k1": -1.09324443}],
        "Q1D": ["Quadrupole", {"length": 0.25, "k1": 2.43992187}],
        "Q2D": ["Quadrupole", {"length": 0.2, "k1": -1.85354137}],
        "Q3P1T1": ["Quadrupole", {"length": 0.25, "k1": -2.53759435}],
        "Q3P1T6": ["Quadrupole", {"length": 0.25, "k1": -2.68493846}],
        "Q3P1T8": ["Quadrupole", {"length": 0.25, "k1": -2.44627319}],
        "Q3P2T1": ["Quadrupole", {"length": 0.25, "k1": -2.44026692}],
        "Q3P2T6": ["Quadrupole", {"length": 0.25, "k1": -2.33722602}],
        "Q3P2T8": ["Quadrupole", {"length": 0.25, "k1": -2.5396092}],
        "Q3D1": ["Quadrupole", {"length": 0.25, "k1": -2.0205634}],
        "Q3D2": ["Quadrupole", {"length": 0.25, "k1": -2.12545914}],
        "Q3D3": ["Quadrupole", {"length": 0.25, "k1": -2.12560233}],
        "Q3D4": ["Quadrupole", {"length": 0.25, "k1": -2.13235047}],
        "Q3D5": ["Quadrupole", {"length": 0.25, "k1": -2.11955588}],
        "Q3D6": ["Quadrupole", {"length": 0.25, "k1": -2.1096325}],
        "Q3D7": ["Quadrupole", {"length": 0.25, "k1": -2.11735207}],
        "Q3D8": ["Quadrupole", {"length": 0.25, "k1": -2.13655479}],
        "Q3T2": ["Quadrupole", {"length": 0.25, "k1": -2.45516822}],
        "Q3T3": ["Quadrupole", {"length": 0.25, "k1": -2.42796219}],
        "Q3T4": ["Quadrupole", {"length": 0.25, "k1": -2.43958732}],
        "Q3T5": ["Quadrupole", {"length": 0.25, "k1": -2.4497368}],
        "Q3T7": ["Quadrupole", {"length": 0.25, "k1": -2.43215097}],
        "Q4P1T1": ["Quadrupole", {"length": 0.5, "k1": 2.61530699}],
        "Q4P1T6": ["Quadrupole", {"length": 0.5, "k1": 2.24854535}],
        "Q4P1T8": ["Quadrupole", {"length": 0.5, "k1": 2.58252211}],
        "Q4P2T1": ["Quadrupole", {"length": 0.5, "k1": 2.58203605}],
        "Q4P2T6": ["Quadrupole", {"length": 0.5, "k1": 2.5603175}],
        "Q4P2T8": ["Quadrupole", {"length": 0.5, "k1": 2.62213165}],
        "Q4D1": ["Quadrupole", {"length": 0.5, "k1": 1.4019729}],
        "Q4D2": ["Quadrupole", {"length": 0.5, "k1": 1.47885355}],
        "Q4D3": ["Quadrupole", {"length": 0.5, "k1": 1.48649031}],
        "Q4D4": ["Quadrupole", {"length": 0.5, "k1": 1.49263679}],
        "Q4D5": ["Quadrupole", {"length": 0.5, "k1": 1.47760503}],
        "Q4D6": ["Quadrupole", {"length": 0.5, "k1": 1.4829222}],
        "Q4D7": ["Quadrupole", {"length": 0.5, "k1": 1.47659449}],
        "Q4D8": ["Quadrupole", {"length": 0.5, "k1": 1.49275949}],
        "Q4T2": ["Quadrupole", {"length": 0.5, "k1": 2.57898949}],
        "Q4T3": ["Quadrupole", {"length": 0.5, "k1": 2.57796719}],
        "Q4T4": ["Quadrupole", {"length": 0.5, "k1": 2.58157782}],
        "Q4T5": ["Quadrupole", {"length": 0.5, "k1": 2.58022594}],
        "Q4T7": ["Quadrupole", {"length": 0.5, "k1": 2.58000776}],
        "Q5P1T1": ["Quadrupole", {"length": 0.2, "k1": -2.42116424}],
        "Q5P1T6": ["Quadrupole", {"length": 0.2, "k1": -1.02671552}],
        "Q5P1T8": ["Quadrupole", {"length": 0.2, "k1": -2.59460394}],
        "Q5P2T1": ["Quadrupole", {"length": 0.2, "k1": -2.60077137}],
        "Q5P2T6": ["Quadrupole", {"length": 0.2, "k1": -2.45473858}],
        "Q5P2T8": ["Quadrupole", {"length": 0.2, "k1": -2.4140277}],
        "Q5T2": ["Quadrupole", {"length": 0.2, "k1": -2.58798946}],
        "Q5T3": ["Quadrupole", {"length": 0.2, "k1": -2.62810235}],
        "Q5T4": ["Quadrupole", {"length": 0.2, "k1": -2.59997779}],
        "Q5T5": ["Quadrupole", {"length": 0.2, "k1": -2.59005859}],
        "Q5T7": ["Quadrupole", {"length": 0.2, "k1": -2.60805533}],
        "S1": ["Sextupole", {"length": 0.105, "k2": 53.711598071533}],
        "S2": ["Sextupole", {"length": 0.16, "k2": -44.968873069}],
        "S3P1T6": ["Sextupole", {"length": 0.16, "k2": -43.8795}],
        "S3P2T6": ["Sextupole", {"length": 0.16, "k2": -43.8795}],
        "S3D1": ["Sextupole", {"length": 0.16, "k2": -39.96}],
        "S3D": ["Sextupole", {"length": 0.16, "k2": -42.735}],
        "S3T": ["Sextupole", {"length": 0.16, "k2": -43.8795}],
        "S4P1T6": ["Sextupole", {"length": 0.16, "k2": 41.25}],
        "S4P2T6": ["Sextupole", {"length": 0.16, "k2": 41.25}],
        "S4D": ["Sextupole", {"length": 0.16, "k2": 38.2185}],
        "S4D1": ["Sextupole", {"length": 0.16, "k2": 27.0435}],
        "S4T": ["Sextupole", {"length": 0.16, "k2": 55.0}],
        "DQ1": ["Drift", {"length": 0.288}],
        "DS1": ["Drift", {"length": 0.16}],
        "DQ2": ["Drift", {"length": 0.42}],
        "DS2": ["Drift", {"length": 0.307}],
        "DB": ["Drift", {"length": 0.42}],
        "DS3": ["Drift", {"length": 0.153}],
        "DQ3": ["Drift", {"length": 0.153}],
        "DL": ["Drift", {"length": 2.806}],
        "DK": ["Drift", {"length": 2.453}],
        "B": ["Dipole", {"length": 0.855, "angle": 0.196349540849362, "e1": 0.09817477042, "e2": 0.09817477042}],
        "B1ID": ["Dipole", {"length": 0.28, "angle": 0.0578788879, "e1": 0, "e2": 0.0578788879}],
        "B2ID": ["Dipole", {"length": 0.56, "angle": -0.1117010721, "e1": -0.0578788879, "e2": -0.0538221842}],
        "B3ID": ["Dipole", {"length": 0.28, "angle": 0.0538221842, "e1": 0.0538221842, "e2": 0}],
        "DS4D6": ["Drift", {"length": 0.164}],
        "DB1ID": ["Drift", {"length": 2.02014}],
        "DB2ID": ["Drift", {"length": 2.21625}],
        "DB3ID": ["Drift", {"length": 0.1}],
        "DQ5T6": ["Drift", {"length": 2.2976}],
        "DQIT6": ["Drift", {"length": 2.3644}]
    },
    "lattices": {
        "ACHRH": ["S1", "DS1", "Q1D", "DQ1", "S2", "DS2", "Q2D", "DQ2"],
        "ACHLH": ["DQ2", "Q2D", "DS2", "S2", "DQ1", "Q1D", "DS1", "S1"],
        "D1LH": ["DB", "Q3D1", "DQ3", "S3D1", "DS3", "Q4D1", "DQ3", "S4D1", "DL"],
        "D1RH": ["DL", "S4D1", "DQ3", "Q4D1", "DS3", "S3D1", "DQ3", "Q3D1", "DB"],
        "T1LH": ["DB", "Q3P1T1", "DQ3", "S3T", "DS3", "Q4P1T1", "DQ3", "S4T", "DQ3", "Q5P1T1", "DK"],
        "T1RH": ["DK", "Q5P2T1", "DQ3", "S4T", "DQ3", "Q4P2T1", "DS3", "S3T", "DQ3", "Q3P2T1", "DB"],
        "D2LH": ["DB", "Q3D2", "DQ3", "S3D", "DS3", "Q4D2", "DQ3", "S4D", "DL"],
        "D2RH": ["DL", "S4D", "DQ3", "Q4D2", "DS3", "S3D", "DQ3", "Q3D2", "DB"],
        "T2LH": ["DB", "Q3T2", "DQ3", "S3T", "DS3", "Q4T2", "DQ3", "S4T", "DQ3", "Q5T2", "DK"],
        "T2RH": ["DK", "Q5T2", "DQ3", "S4T", "DQ3", "Q4T2", "DS3", "S3T", "DQ3", "Q3T2", "DB"],
        "D3LH": ["DB", "Q3D3", "DQ3", "S3D", "DS3", "Q4D3", "DQ3", "S4D", "DL"],
        "D3RH": ["DL", "S4D", "DQ3", "Q4D3", "DS3", "S3D", "DQ3", "Q3D3", "DB"],
        "T3LH": ["DB", "Q3T3", "DQ3", "S3T", "DS3", "Q4T3", "DQ3", "S4T", "DQ3", "Q5T3", "DK"],
        "T3RH": ["DK", "Q5T3", "DQ3", "S4T", "DQ3", "Q4T3", "DS3", "S3T", "DQ3", "Q3T3", "DB"],
        "D4LH": ["DB", "Q3D4", "DQ3", "S3D", "DS3", "Q4D4", "DQ3", "S4D", "DL"],
        "D4RH": ["DL", "S4D", "DQ3", "Q4D4", "DS3", "S3D", "DQ3", "Q3D4", "DB"],
        "T4LH": ["DB", "Q3T4", "DQ3", "S3T", "DS3", "Q4T4", "DQ3", "S4T", "DQ3", "Q5T4", "DK"],
        "T4RH": ["DK", "Q5T4", "DQ3", "S4T", "DQ3", "Q4T4", "DS3", "S3T", "DQ3", "Q3T4", "DB"],
        "D5LH": ["DB", "Q3D5", "DQ3", "S3D", "DS3", "Q4D5", "DQ3", "S4D", "DL"],
        "D5RH": ["DL", "S4D", "DQ3", "Q4D5", "DS3", "S3D", "DQ3", "Q3D5", "DB"],
        "T5LH": ["DB", "Q3T5", "DQ3", "S3T", "DS3", "Q4T5", "DQ3", "S4T", "DQ3", "Q5T5", "DK"],
        "T5RH": ["DK", "Q5T5", "DQ3", "S4T", "DQ3", "Q4T5", "DS3", "S3T", "DQ3", "Q3T5", "DB"],
        "D6LH": ["DB", "Q3D6", "DQ3", "S3D", "DS3", "Q4D6", "DQ3", "S4D", "DS4D6", "B1ID", "DB1ID", "B2ID", "DB2ID", "B3ID", "DB3ID"],
        "D6RH": ["S4D", "DQ3", "Q4D6", "DS3", "S3D", "DQ3", "Q3D6", "DB"],
        "T6LH": ["DB", "Q3P1T6", "DQ3", "S3P1T6", "DS3", "Q4P1T6", "DQ3", "S4P1T6", "DQ3", "Q5P1T6", "DQ5T6", "QIT6", "QIT6", "DQIT6"],
        "T6RH": ["Q5P2T6", "DQ3", "S4P2T6", "DQ3", "Q4P2T6", "DS3", "S3P2T6", "DQ3", "Q3P2T6", "DB"],